ID,Nom_du_Vin,Type,Region,Cepages,Prix,Description_Complete,Profil_Sensoriel,Accords_Mets_Textuel,Contexte_Usage,Mots_Cles
1,Château Margaux 2018,Rouge,Bordeaux,Cabernet Sauvignon,€450,00,"Ce grand cru classé de Margaux présente une robe pourpre intense avec des reflets violacés. Au nez, des arômes complexes de cassis, de violette, de cèdre et d'épices douces se déploient avec élégance. En bouche, le vin révèle une structure tannique élégante mais présente, un corps généreux et une finale exceptionnellement longue sur des notes de fruits noirs et de sous-bois. Un vin de garde qui nécessite quelques années de vieillissement pour exprimer pleinement son potentiel.","Vin corsé avec des tanins présents mais élégants et soyeux. Acidité équilibrée qui apporte fraîcheur. Intensité aromatique très marquée avec des notes complexes de fruits noirs mûrs, d'épices douces et de sous-bois. Finale exceptionnellement longue et persistante sur des notes de réglisse et de cacao.","Ce vin s'accorde parfaitement avec des viandes rouges nobles comme l'entrecôte, le bœuf en sauce, l'agneau ou le gibier. Il accompagne également les fromages affinés et les plats gastronomiques élaborés. À éviter avec les poissons ou les viandes blanches délicates, car sa structure tannique dominerait ces mets.","Idéal pour un dîner gastronomique, une occasion spéciale ou un moment de dégustation privilégié. Parfait pour les repas de fête et les événements importants. À servir entre 16 et 18°C après décantation.","fruité, tanins élégants, corsé, épices, finale longue"
2,Domaine de la Romanée-Conti 2019,Rouge,Bourgogne,Pinot Noir,€1200,00,"Ce vin mythique de la Côte de Nuits dévoile une robe rubis profond et brillante. Le nez est d'une complexité remarquable avec des arômes de cerise noire, de rose, de musc et de sous-bois humide. La bouche est d'une texture soyeuse exceptionnelle, avec des tanins d'une finesse extrême, une acidité vive qui structure l'ensemble et une finale infinie sur des notes minérales et épicées. Un vin d'une élégance absolue, véritable expression du terroir bourguignon.","Vin d'une élégance absolue avec des tanins d'une finesse extrême et soyeux. Acidité vive qui structure et équilibre parfaitement l'ensemble. Intensité aromatique exceptionnelle avec des notes de cerise noire, de rose, de musc et de sous-bois. Finale infinie et minérale.","Ce vin sublime s'accorde avec des plats raffinés comme le canard, le faisan, les viandes rouges grillées ou le gibier. Il peut également accompagner certains fromages affinés comme l'Époisses. Son élégance permet de l'associer à des mets délicats mais savoureux.","Réservé aux occasions exceptionnelles et aux moments de dégustation privilégiés. Idéal pour un dîner gastronomique raffiné ou une célébration importante. À servir entre 14 et 16°C.","élégant, fin, minéral, épicé, complexe"
3,Champagne Dom Pérignon 2012,Bulles,Champagne,Chardonnay Pinot Noir,€180,00,"Cette cuvée prestigieuse présente une robe dorée pâle avec des bulles fines et persistantes. Le nez révèle des arômes de fruits blancs, de fleurs blanches, de brioche et de notes minérales. En bouche, la texture est crémeuse et élégante, avec une acidité vive qui apporte fraîcheur et longueur. La finale est persistante sur des notes d'agrumes confits et de noisette. Un champagne d'une grande finesse et d'une complexité remarquable.","Bulles fines et persistantes. Texture crémeuse et élégante. Acidité vive qui apporte fraîcheur et équilibre. Intensité aromatique marquée avec des notes de fruits blancs, de brioche et de minéralité. Finale persistante et raffinée.","Ce champagne s'accorde parfaitement avec les fruits de mer, les huîtres, le saumon fumé ou les apéritifs raffinés. Il peut également accompagner des plats délicats comme le poisson en sauce ou les viandes blanches. Parfait pour les célébrations et les moments festifs.","Idéal pour les apéritifs, les célébrations, les repas de fête ou les moments de convivialité. Parfait pour les occasions spéciales et les événements importants. À servir entre 8 et 10°C.","frais, crémeux, minéral, brioche, élégant"
4,Sancerre Domaine Vacheron 2020,Blanc,Loire,Sauvignon Blanc,€28,00,"Ce sancerre élégant dévoile une robe jaune pâle aux reflets verts. Le nez est expressif avec des arômes de citron vert, de pamplemousse, de fleurs blanches et de notes minérales caractéristiques des sols de silex. En bouche, le vin est vif et nerveux, avec une acidité marquée qui apporte fraîcheur et tension. La finale est minérale et salivante, typique des grands sancerres. Un vin d'une grande pureté aromatique.","Vin vif et nerveux avec une acidité marquée qui apporte fraîcheur et tension. Texture élégante et minérale. Intensité aromatique expressive avec des notes d'agrumes, de fleurs blanches et de minéralité. Finale salivante et persistante.","Ce sancerre s'accorde parfaitement avec les poissons, les fruits de mer, les huîtres, les fromages de chèvre ou les salades composées. Son acidité vive en fait un compagnon idéal pour les plats légers et frais. Éviter avec les plats trop épicés ou les viandes rouges.","Idéal pour un apéritif, un déjeuner en terrasse ou un repas estival. Parfait pour les moments de détente et les repas légers. À servir entre 8 et 10°C, bien frais.","vif, minéral, frais, agrumes, élégant"
5,Côtes du Rhône Domaine du Vieux Télégraphe 2019,Rouge,Rhône,Grenache Syrah,€35,00,"Ce côtes du rhône présente une robe grenat profond. Le nez révèle des arômes de fruits noirs mûrs, d'épices, de garrigue et de notes empyreumatiques. En bouche, le vin est généreux et charpenté, avec des tanins présents mais fondus, une acidité équilibrée et une finale épicée. Un vin solaire qui exprime parfaitement le terroir méditerranéen.","Vin généreux et charpenté avec des tanins présents mais fondus. Acidité équilibrée. Intensité aromatique marquée avec des notes de fruits noirs, d'épices et de garrigue. Finale épicée et chaude.","Ce vin s'accorde parfaitement avec les viandes grillées, les plats en sauce, les daubes, les ragoûts ou les fromages affinés. Son caractère généreux en fait un compagnon idéal pour les plats savoureux et les repas conviviaux.","Idéal pour un dîner entre amis, un repas de famille ou un moment de convivialité. Parfait pour les repas d'automne et d'hiver. À servir entre 16 et 18°C.","généreux, épicé, charpenté, fruits noirs, garrigue"
6,Château d'Yquem 2015,Liquoreux,Bordeaux,Sémillon Sauvignon Blanc,€350,00,"Ce sauternes prestigieux présente une robe dorée intense aux reflets ambrés. Le nez est d'une complexité remarquable avec des arômes de fruits confits, de miel, d'abricot, de fleur d'oranger et de notes de botrytis. En bouche, le vin est d'une richesse exceptionnelle, avec une texture onctueuse, une acidité qui équilibre la sucrosité et une finale infinie sur des notes de fruits confits et d'épices douces. Un vin d'exception.","Texture onctueuse et riche. Acidité équilibrée qui contrebalance la sucrosité. Intensité aromatique exceptionnelle avec des notes de fruits confits, de miel et de botrytis. Finale infinie et complexe.","Ce sauternes s'accorde parfaitement avec les desserts aux fruits, les pâtisseries, le foie gras ou certains fromages bleus comme le Roquefort. Son caractère sucré et complexe en fait un vin de dessert exceptionnel.","Idéal pour clôturer un repas gastronomique, accompagner un dessert raffiné ou un moment de dégustation privilégié. Parfait pour les occasions spéciales. À servir entre 8 et 10°C.","onctueux, sucré, complexe, fruits confits, miel"
7,Rosé de Provence Château d'Esclans 2020,Rosé,Provence,Grenache Cinsault,€25,00,"Ce rosé de provence élégant présente une robe rose pâle aux reflets saumonés. Le nez est frais et fruité avec des arômes de fruits rouges, de fleurs blanches et de notes minérales. En bouche, le vin est léger et désaltérant, avec une acidité vive, une texture élégante et une finale fraîche sur des notes d'agrumes. Un rosé d'une grande finesse, parfait pour l'été.","Vin léger et désaltérant avec une acidité vive qui apporte fraîcheur. Texture élégante et fluide. Intensité aromatique fraîche avec des notes de fruits rouges et de fleurs blanches. Finale fraîche et persistante.","Ce rosé s'accorde parfaitement avec les salades, les grillades de poisson, les viandes blanches, les apéritifs ou les plats méditerranéens. Son caractère frais et léger en fait un compagnon idéal pour les repas d'été.","Idéal pour un apéritif en terrasse, un déjeuner estival, un pique-nique ou un moment de détente au soleil. Parfait pour les repas légers et les moments conviviaux. À servir entre 8 et 10°C, bien frais.","léger, frais, fruité, désaltérant, élégant"
8,Pouilly-Fuissé Domaine Ferret 2019,Blanc,Bourgogne,Chardonnay,€32,00,"Ce pouilly-fuissé présente une robe jaune pâle aux reflets verts. Le nez révèle des arômes de fruits blancs, de fleurs blanches, de beurre et de notes minérales. En bouche, le vin est rond et généreux, avec une acidité équilibrée, une texture crémeuse et une finale persistante sur des notes de noisette et de minéralité. Un vin d'une grande élégance bourguignonne.","Vin rond et généreux avec une texture crémeuse. Acidité équilibrée. Intensité aromatique marquée avec des notes de fruits blancs, de beurre et de minéralité. Finale persistante et élégante.","Ce pouilly-fuissé s'accorde parfaitement avec les poissons, les fruits de mer, les viandes blanches en sauce, les fromages de chèvre ou les plats à base de crème. Son caractère rond et généreux en fait un compagnon polyvalent.","Idéal pour un déjeuner raffiné, un dîner élégant ou un moment de dégustation. Parfait pour les repas gastronomiques et les occasions spéciales. À servir entre 10 et 12°C.","rond, crémeux, beurre, minéral, élégant"
9,Cahors Château Lagrezette 2018,Rouge,Sud-Ouest,Malbec,€22,00,"Ce cahors présente une robe pourpre intense et profonde. Le nez révèle des arômes de fruits noirs, de prune, de cacao et de notes empyreumatiques. En bouche, le vin est charpenté et tannique, avec une structure solide, une acidité équilibrée et une finale épicée. Un vin de caractère qui exprime parfaitement le cépage malbec.","Vin charpenté et tannique avec une structure solide. Acidité équilibrée. Intensité aromatique marquée avec des notes de fruits noirs, de prune et de cacao. Finale épicée et persistante.","Ce cahors s'accorde parfaitement avec les viandes rouges grillées, les plats en sauce, les fromages affinés ou les plats épicés. Son caractère charpenté en fait un compagnon idéal pour les plats savoureux.","Idéal pour un dîner entre amis, un repas d'automne ou un moment de convivialité. Parfait pour les repas généreux et les plats roboratifs. À servir entre 16 et 18°C.","charpenté, tannique, fruits noirs, épicé, structure"
10,Muscadet Sèvre et Maine Sur Lie 2020,Blanc,Loire,Melon de Bourgogne,€12,00,"Ce muscadet présente une robe jaune pâle très claire. Le nez est frais et minéral avec des arômes de citron, de fleurs blanches et de notes iodées. En bouche, le vin est vif et salivant, avec une acidité marquée, une texture légère et une finale minérale caractéristique. Un vin d'une grande fraîcheur, parfait pour les fruits de mer.","Vin vif et salivant avec une acidité marquée. Texture légère et fluide. Intensité aromatique fraîche avec des notes d'agrumes et de minéralité. Finale minérale et persistante.","Ce muscadet s'accorde parfaitement avec les fruits de mer, les huîtres, les poissons, les plats à base de beurre blanc ou les salades. Son acidité vive en fait un compagnon idéal pour les produits de la mer.","Idéal pour un apéritif, un déjeuner au bord de mer ou un repas estival. Parfait pour les moments de détente et les repas légers. À servir entre 6 et 8°C, très frais.","vif, minéral, frais, iodé, salivant"
